"","a","p","f_m","f_p","mosq_m","N_init","beta_min_m"
"1",0.336925111046537,0.159574277894143,0.941979479518493,0.925913481369467,2.64482767421347,338844.845868233,0.817906946135276
"2",0.354711625312332,0.149952665152159,0.94506544822713,0.925856134941446,2.91743662643818,372881.003768984,0.764097363337028
"3",0.341471754417658,0.162586591156129,0.94360985103541,0.92686652270793,2.72791011196791,342782.265444171,0.806945143394592
"4",0.357349887887971,0.169696439183928,0.943730646493351,0.931404132733736,2.73061993933399,321227.25331772,0.814685076902433
"5",0.322308218895357,0.160237709628167,0.94237136897539,0.929251067552681,2.5847077188657,350649.297686784,0.836563952863157
"6",0.358043382186547,0.148265674492847,0.946447297359797,0.931187334013642,2.80132070211448,358616.564466787,0.803388150921119
"7",0.370945910796003,0.143337414776644,0.943343503677344,0.928461540388419,2.80455143182247,389525.218853766,0.778852684186249
"8",0.35613321055199,0.143667940199948,0.9435498381759,0.929313342954505,2.804375774765,388550.792713371,0.788049907528463
"9",0.364521640435936,0.150292597523951,0.941691261640695,0.931080375093748,2.58851074349923,360847.833118742,0.832490768429649
"10",0.351298741651076,0.161463996651547,0.943965851813992,0.925879515421191,2.77246034752742,350303.656637645,0.795190158970826
"11",0.348409615955996,0.163142681831637,0.943269436239664,0.935758171462526,2.80083193798743,345909.941164976,0.79984521082697
"12",0.365419252751807,0.162250835645762,0.945033335090566,0.929664219488596,2.89267726103307,341246.014583821,0.766331365042619
"13",0.343049464592212,0.160706517792303,0.941884109612784,0.933822838611556,2.68575086899119,342651.147277904,0.814764495698231
"14",0.325131498851244,0.170716654519663,0.944116326719677,0.923587882591758,2.69842631811318,334667.222412814,0.805693257060793
"15",0.367776672505215,0.165471678676608,0.944196269883892,0.926281257098147,2.83650822488259,332276.709563295,0.770439012354501
"16",0.346394580032559,0.170341436330688,0.942777790255273,0.927110777173194,2.80343259136008,329417.942024507,0.790791505453543
"17",0.35524190869357,0.165354585245966,0.943043815604281,0.925632454510931,2.7558492257921,338721.288599832,0.79178984546178
"18",0.358191948698573,0.160764041286747,0.943770432298503,0.93214294339323,2.86510849945552,352814.272526498,0.776461114049875
"19",0.344860548525214,0.170558624014694,0.943993782137752,0.932390909645983,2.83882242909648,337443.224724499,0.794111125962664
"20",0.332392853321825,0.143055218339252,0.944118353236389,0.926469860483113,2.73234918979521,381122.671787685,0.815684388611775
"21",0.382538814527691,0.175139256632247,0.945273225135935,0.928886161704854,2.91828171955494,329887.889750974,0.761387131871754
"22",0.333352562949875,0.16158425661462,0.944833572008965,0.930999449077978,2.74873350405457,347995.542205041,0.808825616039402
"23",0.36092985008902,0.143349522954149,0.943962717963383,0.933240145699562,2.84383596064899,384428.808094241,0.799505784153853
"24",0.340081230854929,0.154904869287033,0.942420218848798,0.928759653222716,2.67415056817103,350128.597648548,0.814335587163467
"25",0.341724055991501,0.156456968822622,0.944171857084924,0.930163065931843,2.71873049977452,350985.558488217,0.819552909270892
"26",0.375962448707473,0.175145197940207,0.943252000209577,0.924285489536099,2.9568617339536,316365.674599393,0.749922337602037
"27",0.343547833490112,0.179689748681381,0.943500911917734,0.92680229592676,2.79341697227133,313392.803166136,0.779791319229202
"28",0.376133909960555,0.147705306855278,0.941622152909004,0.928144807534813,2.71166642174061,368990.015431435,0.804481245647646
"29",0.36449282287478,0.156462561482045,0.944096069268171,0.930738740449772,2.79251691883404,347296.909824206,0.801447894919701
"30",0.332281716269953,0.163383111220578,0.941543679156028,0.92879208236231,2.67224249709501,347977.166964242,0.818650801149652
"31",0.366403411505171,0.15724512767248,0.942782555553871,0.931724655669507,2.729137392914,361133.098471475,0.797218746857596
"32",0.356010931041897,0.149163728626584,0.944617910104045,0.930925122455089,2.92743348340397,377705.377114813,0.76850835953152
"33",0.339727967223773,0.169190481118691,0.942997572467926,0.93406773662938,2.73683326113998,332958.45402695,0.817486116681675
"34",0.357349887887971,0.169696439183928,0.943730646493351,0.931404132733736,2.73061993933399,321227.25331772,0.814685076902433
"35",0.364188778447288,0.167481572928694,0.944672116674991,0.930614237673938,2.84177012384474,333318.615962608,0.779552883824487
"36",0.339727967223773,0.169190481118691,0.942997572467926,0.93406773662938,2.73683326113998,332958.45402695,0.817486116681675
"37",0.343699595962757,0.170079863818767,0.943730889827923,0.92524693262197,2.7308168739708,334848.666009239,0.786245238207185
"38",0.351292696893101,0.164107288311362,0.944615471650498,0.932273470040649,2.79698019055901,338664.517723233,0.795736639064168
"39",0.362653267207148,0.151071280866255,0.946395556825282,0.924544172022987,2.83314363784294,365220.93894343,0.787594301510206
"40",0.362922534057778,0.148943375236603,0.942777182185777,0.924379291228023,2.83785423783245,383451.803488674,0.784777983360301
"41",0.322308218895357,0.160237709628167,0.94237136897539,0.929251067552681,2.5847077188657,350649.297686784,0.836563952863157
"42",0.356033874922769,0.148064006354786,0.944528285594107,0.934294374070473,2.89475215746411,382949.243494214,0.778408819236997
"43",0.340081230854929,0.154904869287033,0.942420218848798,0.928759653222716,2.67415056817103,350128.597648548,0.814335587163467
"44",0.358002629930017,0.147162768747416,0.943444184437061,0.929688886142503,2.95375315625337,379199.877090711,0.777616611296595
"45",0.344441594850136,0.145381530613087,0.943695252997935,0.932493767955368,2.89445581437383,377613.143033074,0.781333139429629
"46",0.366677708260102,0.138880042781996,0.943449709414696,0.927749051425149,2.69561651889054,395960.147361438,0.799448128832451
"47",0.358155468381045,0.171853343301931,0.943289614913432,0.927319881673693,2.77320463051984,320107.358866606,0.799202320648709
"48",0.364682275501908,0.145190260463526,0.941947565993492,0.926460247309587,2.86021914281335,394416.923344304,0.765128026941795
"49",0.34648438326188,0.159970276583087,0.941226889128473,0.933683626788362,2.65680615295447,336279.053410383,0.828083522894989
"50",0.349849661059069,0.154838429150201,0.94136623102508,0.930933284011614,2.68029955939063,357819.024707096,0.814972994627035
"51",0.327018550479666,0.163002054979338,0.941461975187027,0.928359016095456,2.63983961305851,343852.957992865,0.824181499320955
"52",0.366714712819944,0.167552031529272,0.945750433783739,0.930574542950543,2.92319105757093,340375.439631514,0.774345873380878
"53",0.362380598571111,0.15986387779294,0.944279645019293,0.928494226647488,2.86319651998822,342317.314571896,0.78770807810631
"54",0.353731993975245,0.163242685693458,0.943932360798735,0.930885216464692,2.74551421413841,334218.120237713,0.815855979457158
"55",0.360894509166995,0.153446857364314,0.945713376454937,0.932294353312064,2.90238659611222,348795.31790837,0.778314964283704
"56",0.352079489566457,0.169396273744555,0.940694456744223,0.922532665367857,2.76631763465297,332635.171185114,0.791400472106373
"57",0.375962448707473,0.175145197940207,0.943252000209577,0.924285489536099,2.9568617339536,316365.674599393,0.749922337602037
"58",0.357349887887971,0.169696439183928,0.943730646493351,0.931404132733736,2.73061993933399,321227.25331772,0.814685076902433
"59",0.339727967223773,0.169190481118691,0.942997572467926,0.93406773662938,2.73683326113998,332958.45402695,0.817486116681675
"60",0.360517916303496,0.140853113516464,0.945466363947646,0.932682797442969,2.83780234110156,383739.403366175,0.792810395488397
"61",0.379125646008978,0.144427048044677,0.943722696552297,0.92854950581292,2.80338623955595,389785.59955729,0.790691650667358
"62",0.336687847595509,0.163122005843235,0.943424994720079,0.928056906770563,2.64447497585627,330001.7624022,0.84059365371873
"63",0.346560008170001,0.162932068903756,0.943283371524101,0.926291078765,2.83597544777,344948.116950844,0.781414921484121
"64",0.348568803382846,0.16435724201259,0.942903468086431,0.930141040052296,2.83237672034291,341618.618957618,0.78952107974992
"65",0.352892489657761,0.149213912135883,0.94349895348272,0.926454972155948,2.73470896226411,373028.238931809,0.820212470836468
"66",0.356492416061547,0.164337891611708,0.94350577628138,0.932342810283309,2.80014339774614,339787.183077043,0.79080948844458
"67",0.336895054408785,0.180046854723342,0.942864881952838,0.91845295304852,2.8700622567019,327252.422541967,0.765502836207627
"68",0.37107656660663,0.165978547318905,0.943626295262131,0.920059123939512,2.81768774169066,334061.241301042,0.773768136575551
"69",0.355831052884097,0.185008212140912,0.94428981590721,0.923932301195888,2.90004307721411,316547.796832752,0.762315563052553
"70",0.366103410712366,0.159846922731688,0.945455134071789,0.929863589450517,2.89201121915676,354775.00976113,0.77531487371635
"71",0.359261759750903,0.16286244725727,0.943852396716739,0.933510194499426,2.88181967103755,339032.258204977,0.776866528737297
"72",0.358523530715984,0.143586943537898,0.945603568036526,0.932059046624402,2.83623190098026,387536.218474149,0.787216671576639
"73",0.357986084519538,0.163544979033662,0.943165404960419,0.924724171063934,2.81216636212616,343293.118677911,0.795282667493314
"74",0.360517916303496,0.140853113516464,0.945466363947646,0.932682797442969,2.83780234110156,383739.403366175,0.792810395488397
"75",0.327972244637466,0.168430406323842,0.943958461009779,0.927619280773065,2.6688121563629,326040.26164054,0.827511382277496
"76",0.362492198428974,0.148760456665382,0.942157044752561,0.93251830608192,2.73628242413594,370055.243921025,0.802654689462455
"77",0.359019279657699,0.169908046978675,0.943273682132435,0.926253298853377,2.82794114262524,325652.767434163,0.785438677194563
"78",0.329103489637073,0.156465127680745,0.945215814847758,0.930791766647711,2.7069406149064,357200.009387755,0.821785279476385
"79",0.358822176601048,0.153798012725956,0.945295792818902,0.922668060015041,2.8182891627837,362125.967757563,0.78540707947627
"80",0.332702974679679,0.164532855458396,0.944140462414609,0.926353001124784,2.86552386000102,337606.044946834,0.793547123728323
"81",0.348196152311412,0.161300602892409,0.943083369646435,0.930072427196044,2.74119274883317,345715.426876986,0.800518643011483
"82",0.355540813106375,0.155855527899581,0.943039200864702,0.935490690110539,2.86494925881735,375881.249884131,0.777467291653786
"83",0.356621322563176,0.145565103815328,0.943266804366886,0.929269523930673,2.75908939714761,379227.201445895,0.801752227774406
"84",0.334875280803721,0.161383469539762,0.943229615640784,0.927421635139682,2.76432196194333,347230.723253269,0.807608174295263
"85",0.341479048979872,0.174961311119954,0.941515136157672,0.924738451236758,2.74364522266354,320678.377476989,0.797067104043483
"86",0.35982599747488,0.178973352247146,0.943625770667619,0.926661217815962,2.84272869708335,319443.290583403,0.781282131023136
"87",0.361571020366258,0.171755375571723,0.944325513923287,0.924567894337805,2.73596350440347,328503.160242727,0.801110186424958
"88",0.376388791105606,0.15101617728447,0.94362431125852,0.932604925289773,2.75382134568539,373748.233624158,0.801075470353147
"89",0.370088536933257,0.167551378373476,0.942869097693912,0.933752987546058,2.81189275869739,327826.778874586,0.7945236848269
"90",0.353131386624552,0.15731644279833,0.944482710409099,0.936388819134701,2.88114214074331,359131.089330807,0.778000591998288
"91",0.339727967223773,0.169190481118691,0.942997572467926,0.93406773662938,2.73683326113998,332958.45402695,0.817486116681675
"92",0.350367079483892,0.144023199457811,0.944165734276882,0.930918415871752,2.77432000170809,380742.165308015,0.795068029770948
"93",0.334591373014846,0.179487268662369,0.943586769499212,0.922134503780123,2.83827674286931,326109.740917266,0.779075718762412
"94",0.34980741074154,0.150533809746817,0.943876381844885,0.934305740878964,2.88575977087726,382263.411086438,0.780167870342548
"95",0.340667011723183,0.167983755199748,0.94370686374144,0.930074386378407,2.74159298289326,321833.291062097,0.805949140333644
"96",0.368077482533387,0.143187471549544,0.944310975976012,0.929022527086684,2.81121673704477,396540.388725888,0.776380043298867
"97",0.322308218895357,0.160237709628167,0.94237136897539,0.929251067552681,2.5847077188657,350649.297686784,0.836563952863157
"98",0.350021679906979,0.178246695397762,0.94435831120478,0.921971520294821,2.94561906153218,322433.47600816,0.761747894264472
"99",0.353814433761912,0.172294870704458,0.943406070939105,0.929260821255706,2.81354689270775,329842.678344245,0.792226192116441
"100",0.34314217188322,0.150722373053893,0.94353489179746,0.924640606159959,2.79925205113601,372751.913040214,0.804639482532157
"101",0.358146006295738,0.162550356772462,0.943060506432007,0.924520394876022,2.69680552884525,342839.783959839,0.803398477856875
"102",0.367210165532514,0.166827560654069,0.94233676811706,0.929997143555345,2.75165500088933,337175.206284023,0.808598001185213
"103",0.341479048979872,0.174961311119954,0.941515136157672,0.924738451236758,2.74364522266354,320678.377476989,0.797067104043483
"104",0.352847170045383,0.14071792854808,0.944284090355272,0.931537113922408,2.7283448208963,379437.307745646,0.808676161131044
"105",0.346394580032559,0.170341436330688,0.942777790255273,0.927110777173194,2.80343259136008,329417.942024507,0.790791505453543
"106",0.34984204790324,0.143233542841605,0.944233131274851,0.925315660544412,2.80355409713178,387539.293919856,0.791660504646915
"107",0.340081230854929,0.154904869287033,0.942420218848798,0.928759653222716,2.67415056817103,350128.597648548,0.814335587163467
"108",0.359365320881345,0.140145509769415,0.944636913833857,0.920415608084885,2.67531448271525,403909.407889971,0.805681394911772
"109",0.367677002442114,0.167111753242558,0.941246080644622,0.919492921505596,2.68503311425141,340533.767886423,0.802628853716759
"110",0.360979416984218,0.178153304995839,0.94463499136741,0.928560076641544,2.80537784931585,321261.133431187,0.780088745342513
"111",0.331644214255212,0.167105582244955,0.943270378352766,0.92734356745512,2.68964384606467,335374.110921025,0.817123805632895
"112",0.353108309184963,0.169078308643756,0.943006250465851,0.925444342717533,2.8066171622215,332957.659663393,0.786610806241189
"113",0.365365330461834,0.16779826051546,0.941506201101822,0.922155507531835,2.81164905264221,342118.351499991,0.781577800729941
"114",0.362170325306683,0.16434518377215,0.945620363371184,0.931256930610091,2.91736349886639,335101.321687457,0.769804973739112
"115",0.364521640435936,0.150292597523951,0.941691261640695,0.931080375093748,2.58851074349923,360847.833118742,0.832490768429649
"116",0.37577634433125,0.16882538061247,0.943382938828216,0.925409765326556,2.8502794903984,331868.299367886,0.776949393860886
"117",0.339790086962196,0.161229412070622,0.943399742157419,0.93274475420717,2.85431609867724,359992.23348692,0.780201966333266
"118",0.339727967223773,0.169190481118691,0.942997572467926,0.93406773662938,2.73683326113998,332958.45402695,0.817486116681675
"119",0.341155644957213,0.154290941442772,0.945870548431549,0.92758607930218,2.94669141324826,374019.144233973,0.76428117178827
"120",0.337355268224706,0.165365488243944,0.941318131428395,0.932975774735202,2.59876610847231,336528.968353038,0.822959311753019
"121",0.358906124837251,0.138268138074484,0.944417742657401,0.926694574276415,2.78549641085562,383945.184773084,0.819286232788494
"122",0.334602169848188,0.148617242548738,0.944379801772701,0.933850384352921,2.66221829720111,362260.044110182,0.829877494687851
"123",0.351936455938204,0.167880155907901,0.942661399725916,0.930134002820261,2.86383505356651,341447.033981003,0.773110686893314
"124",0.322696652497772,0.16367679106739,0.940370243729587,0.924393358148194,2.62653912219705,338742.17414407,0.823509151550295
"125",0.349912329879871,0.166279921980661,0.943432837862978,0.928163672835781,2.85462237651448,333750.290059878,0.765217388446055
"126",0.380638441353044,0.14998232210574,0.943430879023919,0.925585662644867,2.7239671761922,372977.429085878,0.803291134895432
"127",0.385213381356861,0.143952772949973,0.943659824921652,0.926901857815079,2.66854693301587,370132.602930837,0.822221549488122
"128",0.373919493422946,0.165907581441248,0.943172875610415,0.924694452018082,2.77690637637687,323565.860994222,0.802915430568588
"129",0.365042541412075,0.16131288662299,0.944547301035469,0.928074284044775,2.9037955281101,345266.527905544,0.780077594251129
"130",0.351749413079845,0.145693755697023,0.944632043415864,0.933263307326526,2.83573200477892,379286.052333805,0.797544722510363
"131",0.356929346707798,0.165989239990672,0.941794845037125,0.929332682910034,2.66838017251163,322674.381854806,0.834647082628589
"132",0.349912329879871,0.166279921980661,0.943432837862978,0.928163672835781,2.85462237651448,333750.290059878,0.765217388446055
"133",0.34314217188322,0.150722373053893,0.94353489179746,0.924640606159959,2.79925205113601,372751.913040214,0.804639482532157
"134",0.357349887887971,0.169696439183928,0.943730646493351,0.931404132733736,2.73061993933399,321227.25331772,0.814685076902433
"135",0.36764982749256,0.174132726068092,0.944361662619649,0.921836201496075,2.85984928866675,331876.206896149,0.766265728888243
"136",0.335325328622254,0.159005922637126,0.943618620254975,0.931013240200173,2.74020533352559,348291.83665829,0.806315379785541
"137",0.364521640435936,0.150292597523951,0.941691261640695,0.931080375093748,2.58851074349923,360847.833118742,0.832490768429649
"138",0.354711625312332,0.149952665152159,0.94506544822713,0.925856134941446,2.91743662643818,372881.003768984,0.764097363337028
"139",0.349028647773669,0.170114401060778,0.94156730982823,0.923567463247583,2.79702914326723,338164.778071864,0.773873059703121
"140",0.327417302412571,0.16285152328142,0.943143099546842,0.932214723394434,2.67165059059645,338852.836971571,0.83221209345739
"141",0.353814433761912,0.172294870704458,0.943406070939105,0.929260821255706,2.81354689270775,329842.678344245,0.792226192116441
"142",0.334602169848188,0.148617242548738,0.944379801772701,0.933850384352921,2.66221829720111,362260.044110182,0.829877494687851
"143",0.346325300425217,0.170009532756972,0.945003879753384,0.925482776083995,2.93668272493566,340263.421592397,0.781691100057718
"144",0.364092385523753,0.162122603269041,0.9429082899089,0.927169218113542,2.81001409733032,347078.183490309,0.775653434556981
"145",0.340550092347938,0.147157482717661,0.945069672643524,0.928232129316598,2.84887730113176,368698.168830794,0.805982064042112
"146",0.363896186944708,0.154140299040459,0.943449700258592,0.928086881115669,2.72810134586452,364122.348514962,0.807672728662806
"147",0.360517916303496,0.140853113516464,0.945466363947646,0.932682797442969,2.83780234110156,383739.403366175,0.792810395488397
"148",0.362999346106256,0.170549958229013,0.94434480945839,0.931048638771491,2.80560824366857,321952.292487272,0.792726220579668
"149",0.361907529534419,0.1496224947935,0.946177765987007,0.929335866357908,2.86999993918495,378852.751938513,0.778225825035739
"150",0.347019757298767,0.163396960449574,0.946199977659912,0.935400982106471,2.80801264596233,341986.765644894,0.801086719802475
"151",0.368713348986775,0.150679959369121,0.94372935910958,0.930292284637389,2.83263298683687,364946.008646471,0.786748143416926
"152",0.360979416984218,0.178153304995839,0.94463499136741,0.928560076641544,2.80537784931585,321261.133431187,0.780088745342513
"153",0.340081230854929,0.154904869287033,0.942420218848798,0.928759653222716,2.67415056817103,350128.597648548,0.814335587163467
"154",0.340788795775931,0.15676048381519,0.946049336040923,0.935051795503456,2.90282105635652,348956.341006808,0.794854401071917
"155",0.369140306393928,0.151073112580215,0.944896408997214,0.932467246436279,2.85824053414195,374103.934032955,0.777495454351187
"156",0.376133909960555,0.147705306855278,0.941622152909004,0.928144807534813,2.71166642174061,368990.015431435,0.804481245647646
"157",0.36914285587143,0.146336459783559,0.943918935100129,0.926832216333514,2.84703293956826,371556.770806552,0.787281345768148
"158",0.35982599747488,0.178973352247146,0.943625770667619,0.926661217815962,2.84272869708335,319443.290583403,0.781282131023136
"159",0.347954119651508,0.146671479285999,0.944071909332305,0.930657588817833,2.72254376119762,376122.805222985,0.814377569684856
"160",0.352895663547025,0.156291279609535,0.944540927892417,0.928673551789736,2.79247734911118,365644.620288438,0.787195859255002
"161",0.36092985008902,0.143349522954149,0.943962717963383,0.933240145699562,2.84383596064899,384428.808094241,0.799505784153853
"162",0.35664956353155,0.153574942851813,0.943792546840543,0.924635259926724,2.79856002053395,364875.017547606,0.789220805583734
"163",0.322696652497772,0.16367679106739,0.940370243729587,0.924393358148194,2.62653912219705,338742.17414407,0.823509151550295
"164",0.339727967223773,0.169190481118691,0.942997572467926,0.93406773662938,2.73683326113998,332958.45402695,0.817486116681675
"165",0.369819997289404,0.168851527846884,0.944329313459282,0.927156992131528,2.83843639012557,327067.681273464,0.772892681580993
"166",0.358523530715984,0.143586943537898,0.945603568036526,0.932059046624402,2.83623190098026,387536.218474149,0.787216671576639
"167",0.359556403358606,0.155893084011589,0.944969947523089,0.927863708250206,2.81010767585176,360168.354224606,0.792546438248418
"168",0.336840910094333,0.166895055523157,0.942941711164485,0.926592155427198,2.8170723762584,331609.267353471,0.788470967635614
"169",0.341479048979872,0.174961311119954,0.941515136157672,0.924738451236758,2.74364522266354,320678.377476989,0.797067104043483
"170",0.338739625235274,0.148309211760096,0.945147107446096,0.932900306168783,3.0115037710083,373953.202587272,0.760151069723599
"171",0.359302366835372,0.14784848397635,0.944832309357819,0.92568462594966,2.85643128475303,369041.753835336,0.784788528548655
"172",0.35982599747488,0.178973352247146,0.943625770667619,0.926661217815962,2.84272869708335,319443.290583403,0.781282131023136
"173",0.352130954077142,0.151035495164645,0.94466340668241,0.924019663453322,2.71225475525019,367456.98098717,0.801099740583478
"174",0.339659320929619,0.166110552416314,0.941869082929436,0.927974936862185,2.68410414236718,333245.403953684,0.817247541257219
"175",0.341479048979872,0.174961311119954,0.941515136157672,0.924738451236758,2.74364522266354,320678.377476989,0.797067104043483
"176",0.340081230854929,0.154904869287033,0.942420218848798,0.928759653222716,2.67415056817103,350128.597648548,0.814335587163467
"177",0.357349887887971,0.169696439183928,0.943730646493351,0.931404132733736,2.73061993933399,321227.25331772,0.814685076902433
"178",0.362922534057778,0.148943375236603,0.942777182185777,0.924379291228023,2.83785423783245,383451.803488674,0.784777983360301
"179",0.331229103699558,0.174626252678896,0.944654123594041,0.928090778040479,2.76559674483402,327740.327466837,0.796511549995327
"180",0.364521640435936,0.150292597523951,0.941691261640695,0.931080375093748,2.58851074349923,360847.833118742,0.832490768429649
"181",0.38083701102911,0.167589312952758,0.94243970098279,0.923154314082783,2.72172111254945,336513.639941924,0.8072271508549
"182",0.364188897851554,0.177681492761555,0.944083793405505,0.927865558478943,2.76190441115196,320285.04839226,0.795286527153232
"183",0.322696652497772,0.16367679106739,0.940370243729587,0.924393358148194,2.62653912219705,338742.17414407,0.823509151550295
"184",0.345798095870711,0.148762578972807,0.946107632528216,0.934800512850849,2.88563619329745,370319.361205114,0.783621301631404
"185",0.3488343649195,0.164761633976034,0.943810342005048,0.93303855098977,2.81192140228307,329138.999708398,0.799963274045558
"186",0.337693664285527,0.161074036114814,0.945303138079713,0.929077907411713,2.80040653446714,352445.845835107,0.796943891024724
"187",0.341479048979872,0.174961311119954,0.941515136157672,0.924738451236758,2.74364522266354,320678.377476989,0.797067104043483
"188",0.356033874922769,0.148064006354786,0.944528285594107,0.934294374070473,2.89475215746411,382949.243494214,0.778408819236997
"189",0.36764982749256,0.174132726068092,0.944361662619649,0.921836201496075,2.85984928866675,331876.206896149,0.766265728888243
"190",0.365419252751807,0.162250835645762,0.945033335090566,0.929664219488596,2.89267726103307,341246.014583821,0.766331365042619
"191",0.362063745010334,0.160404624574248,0.943853365270698,0.923104685879201,2.80341344989979,349532.601881518,0.797296451052824
"192",0.345325277210921,0.166912263905094,0.942804885385598,0.929744061110242,2.77839090905045,336180.982343953,0.797608403420126
"193",0.350688581979541,0.16358525977944,0.944213153462301,0.922617899559949,2.80784918640805,354226.351191377,0.789137511165326
"194",0.322696652497772,0.16367679106739,0.940370243729587,0.924393358148194,2.62653912219705,338742.17414407,0.823509151550295
"195",0.340271007179658,0.164725844551393,0.944593207298694,0.93045784750415,2.72449597731145,340303.55273064,0.81438616953112
"196",0.360095193791703,0.145580371806449,0.944115236633032,0.923394882815284,2.70347736802436,397443.692633397,0.798739118269625
"197",0.363052213198598,0.164071353971435,0.94301911508123,0.930064709692428,2.76648678130013,335989.517052099,0.787155169513695
"198",0.364521640435936,0.150292597523951,0.941691261640695,0.931080375093748,2.58851074349923,360847.833118742,0.832490768429649
"199",0.380463905430091,0.13872751544848,0.943216601578902,0.92880919983257,2.70410187886846,396567.162634766,0.807921950361652
"200",0.358496487784208,0.153416511407048,0.94299781861493,0.933613242792887,2.78868575083253,368848.508886071,0.793396100580707
"201",0.366103410712366,0.159846922731688,0.945455134071789,0.929863589450517,2.89201121915676,354775.00976113,0.77531487371635
"202",0.35022032704166,0.15035489085718,0.943217597085976,0.926191572378239,2.84053305805821,372465.706071238,0.7807691015831
"203",0.363657822495485,0.16755099990682,0.944206053675578,0.930318101211847,2.85027070641023,333138.593611416,0.784365589595327
"204",0.353131386624552,0.15731644279833,0.944482710409099,0.936388819134701,2.88114214074331,359131.089330807,0.778000591998288
"205",0.339358750409917,0.176534218137504,0.943712847616984,0.926632616045525,2.74320187748516,327738.277575465,0.791654312307724
"206",0.351395533785973,0.168503456056063,0.942004843515944,0.928192748498988,2.71181665395785,331535.012704801,0.811378134865081
"207",0.346887503878605,0.143879362699529,0.946471731355744,0.925152116075054,2.82578048815539,384687.729592599,0.789913591788953
"208",0.348508193537962,0.149981422291572,0.943983942282642,0.931470428652624,2.70951360399336,365862.44123593,0.816972888589822
"209",0.353636599888601,0.15584514673221,0.94282366388735,0.927836817431269,2.79578129881752,361116.938622409,0.790138201730326
"210",0.322696652497772,0.16367679106739,0.940370243729587,0.924393358148194,2.62653912219705,338742.17414407,0.823509151550295
"211",0.365365330461834,0.16779826051546,0.941506201101822,0.922155507531835,2.81164905264221,342118.351499991,0.781577800729941
"212",0.340081230854929,0.154904869287033,0.942420218848798,0.928759653222716,2.67415056817103,350128.597648548,0.814335587163467
"213",0.322696652497772,0.16367679106739,0.940370243729587,0.924393358148194,2.62653912219705,338742.17414407,0.823509151550295
"214",0.332819119135294,0.164516185678606,0.945085206482169,0.933346123424298,2.84376161044409,342815.929585328,0.791993126498704
"215",0.36092985008902,0.143349522954149,0.943962717963383,0.933240145699562,2.84383596064899,384428.808094241,0.799505784153853
"216",0.348098099864501,0.151830692232027,0.945676199657204,0.929736349326852,2.78087605984114,365361.883667208,0.790846981739461
"217",0.348457389771552,0.158037607133819,0.941539786409723,0.929160037082845,2.78692178379712,356277.493008376,0.786401067983939
"218",0.367677002442114,0.167111753242558,0.941246080644622,0.919492921505596,2.68503311425141,340533.767886423,0.802628853716759
"219",0.35201120183623,0.172510476233217,0.94387295624198,0.930271965249659,2.81345863701535,333353.107995766,0.79000278743164
"220",0.339160046262138,0.155958707455857,0.943826922513894,0.93113487683571,2.72689957808365,363211.543068988,0.810657670842943
"221",0.352691698172733,0.161030183066003,0.944349378276106,0.930001058066427,2.80183563081825,346447.156026415,0.783471389532443
"222",0.33781544514992,0.163440911381545,0.94455387097856,0.932473622078352,2.76651276850589,342706.35823709,0.80100497995207
"223",0.3604403306797,0.167714469807773,0.944519581317743,0.924184901776862,2.83435758728805,327081.833206031,0.781996126802315
"224",0.378012176765406,0.17139850136795,0.94270411951567,0.924434463269256,2.76097849971769,321011.222398264,0.792467469916599
"225",0.355831052884097,0.185008212140912,0.94428981590721,0.923932301195888,2.90004307721411,316547.796832752,0.762315563052553
"226",0.346158909313907,0.14617933218751,0.943937926369574,0.927477790467888,2.74809141920029,382676.947025818,0.80407982649978
"227",0.355130091552522,0.146971964706265,0.94492055903261,0.933552004942396,2.83105388996381,374295.691842433,0.789068120550846
"228",0.356033874922769,0.148064006354786,0.944528285594107,0.934294374070473,2.89475215746411,382949.243494214,0.778408819236997
"229",0.337355268224706,0.165365488243944,0.941318131428395,0.932975774735202,2.59876610847231,336528.968353038,0.822959311753019
"230",0.332153363049822,0.16822307785395,0.945057075126672,0.932825110592827,2.86642650749242,335498.896815771,0.779061540709221
"231",0.341404431196535,0.161091704213723,0.943177367869148,0.931494250269951,2.68022479272638,350902.801813863,0.813379826263657
"232",0.355831052884097,0.185008212140912,0.94428981590721,0.923932301195888,2.90004307721411,316547.796832752,0.762315563052553
"233",0.37115540047837,0.143604000019127,0.943309818625948,0.931502354256933,2.77287086602424,384282.620200421,0.796925588715048
"234",0.332819119135294,0.164516185678606,0.945085206482169,0.933346123424298,2.84376161044409,342815.929585328,0.791993126498704
"235",0.359614118205284,0.151950974329513,0.944825576467061,0.927729038628732,2.87089334613919,366386.794399378,0.765696135359694
"236",0.365419252751807,0.162250835645762,0.945033335090566,0.929664219488596,2.89267726103307,341246.014583821,0.766331365042619
"237",0.369981129607616,0.179298724432076,0.942445317091494,0.927324338024332,2.77462523753465,309502.490038118,0.789699905152877
"238",0.356929346707798,0.165989239990672,0.941794845037125,0.929332682910034,2.66838017251163,322674.381854806,0.834647082628589
"239",0.356869188763651,0.156515147861006,0.946093627424168,0.937004496943443,2.75578872172259,350666.228412044,0.819882619185854
"240",0.35313031266903,0.153009667327367,0.942902852252279,0.929662236574773,2.85451966749851,372121.924275054,0.780550534449898
"241",0.356929346707798,0.165989239990672,0.941794845037125,0.929332682910034,2.66838017251163,322674.381854806,0.834647082628589
"242",0.353435509907465,0.153861286515797,0.94444073836138,0.926595103230967,2.80074719049066,375107.721723574,0.783901266432494
"243",0.356929346707798,0.165989239990672,0.941794845037125,0.929332682910034,2.66838017251163,322674.381854806,0.834647082628589
"244",0.35328213102084,0.164693105117422,0.942812475855164,0.925469284039379,2.77507990083563,346334.213570562,0.795583910240784
"245",0.351111269569824,0.153621505012768,0.945085632110373,0.931835833227624,2.91202676867292,368888.712853346,0.770441256004706
"246",0.347515490802077,0.167656086380093,0.941291176191999,0.920899340966374,2.67919918210962,333335.505292316,0.812497651651471
"247",0.343074626574863,0.163366069131997,0.943809015789466,0.92899558077099,2.79889976664744,341814.819115598,0.792423928929947
"248",0.359748907969994,0.160004028842224,0.944779053455684,0.929165370113126,2.86577526537041,354204.773522904,0.772260348067259
"249",0.362492198428974,0.148760456665382,0.942157044752561,0.93251830608192,2.73628242413594,370055.243921025,0.802654689462455
"250",0.362712285726456,0.168134605870117,0.943614464091805,0.934624095374017,2.85020770687127,330846.214144076,0.781346210677358
"251",0.353131386624552,0.15731644279833,0.944482710409099,0.936388819134701,2.88114214074331,359131.089330807,0.778000591998288
"252",0.346519475482198,0.17353267976257,0.945023165992734,0.921854937356087,2.81757486149884,336125.750754518,0.7768599819132
"253",0.37582735724775,0.145836458993452,0.944006324912192,0.924627715030243,2.79179995065784,375192.622313773,0.78148250358775
"254",0.357349887887971,0.169696439183928,0.943730646493351,0.931404132733736,2.73061993933399,321227.25331772,0.814685076902433
"255",0.358155468381045,0.171853343301931,0.943289614913432,0.927319881673693,2.77320463051984,320107.358866606,0.799202320648709
"256",0.375049436701888,0.172572278936409,0.942570715427644,0.927694688660642,2.83976310871774,326937.509255221,0.772431629135616
"257",0.364188897851554,0.177681492761555,0.944083793405505,0.927865558478943,2.76190441115196,320285.04839226,0.795286527153232
"258",0.343912270355815,0.141794228438807,0.94479814984479,0.933219992325042,2.75944583404808,383096.642981373,0.82232016497078
"259",0.352033890815897,0.169553733341605,0.94333680675009,0.929691367061751,2.83799991488889,329195.102377052,0.777671370512261
"260",0.327972244637466,0.168430406323842,0.943958461009779,0.927619280773065,2.6688121563629,326040.26164054,0.827511382277496
"261",0.321838786030413,0.172442004845785,0.942012127878461,0.927792433999928,2.7896806077713,329060.747027102,0.794523970448714
"262",0.370940403850482,0.146738852393372,0.943632857378871,0.929955619904431,2.77877587759966,377113.693435826,0.78940273658455
"263",0.341479048979872,0.174961311119954,0.941515136157672,0.924738451236758,2.74364522266354,320678.377476989,0.797067104043483
"264",0.340332847593823,0.164812672695052,0.943069677039914,0.925469812675856,2.8265801523133,348734.685682333,0.784860183084341
"265",0.367053271251801,0.145535347846427,0.943543314255829,0.932262061399153,2.81054976708633,379879.246297287,0.795800876615607
"266",0.360517916303496,0.140853113516464,0.945466363947646,0.932682797442969,2.83780234110156,383739.403366175,0.792810395488397
"267",0.362124390402777,0.146670641051708,0.942783764989543,0.925581271796607,2.81904805885904,378462.297281227,0.793691984063155
"268",0.349912329879871,0.166279921980661,0.943432837862978,0.928163672835781,2.85462237651448,333750.290059878,0.765217388446055
"269",0.328706545191362,0.169681367347252,0.942979166948393,0.92416117985081,2.85817992964724,340209.931272285,0.784920660222223
"270",0.365896692874843,0.178076867694494,0.943714100516267,0.924327154231168,2.91738239767485,327690.642551366,0.74925725720567
"271",0.340271007179658,0.164725844551393,0.944593207298694,0.93045784750415,2.72449597731145,340303.55273064,0.81438616953112
"272",0.36456086010115,0.156807711792208,0.9442395550283,0.928728589099882,2.82167837344728,348574.776701671,0.792181875892505
"273",0.35518335996456,0.171302945788252,0.943284724248753,0.923907670610615,2.89096666353448,334865.351367295,0.770959495722901
"274",0.358523530715984,0.143586943537898,0.945603568036526,0.932059046624402,2.83623190098026,387536.218474149,0.787216671576639
"275",0.34077793642594,0.167485149373901,0.942782219241226,0.928845180539572,2.71515611496562,334275.092315526,0.814320330277339
"276",0.356929346707798,0.165989239990672,0.941794845037125,0.929332682910034,2.66838017251163,322674.381854806,0.834647082628589
"277",0.36184377891416,0.16188683101843,0.944697444551915,0.933409343082944,2.85916917551773,345858.450564379,0.78342581240078
"278",0.361398743266013,0.154823880972369,0.943750212809259,0.931858017864972,2.67213095908731,348874.513905938,0.826141998143934
"279",0.337355268224706,0.165365488243944,0.941318131428395,0.932975774735202,2.59876610847231,336528.968353038,0.822959311753019
"280",0.365419252751807,0.162250835645762,0.945033335090566,0.929664219488596,2.89267726103307,341246.014583821,0.766331365042619
"281",0.369243756833314,0.160776151432056,0.943459702700711,0.926502634957149,2.77517441835263,340704.749579639,0.788727558330773
"282",0.363353175013691,0.155289042913593,0.942942588095396,0.931381142274217,2.67081742272011,355035.196527388,0.814837205866552
"283",0.370657613333014,0.172269087132564,0.942717518781403,0.922535407990185,2.81599016467701,330482.087521398,0.774361791208929
"284",0.353750238997406,0.153959894641889,0.946519361184366,0.93293579691114,2.87232364723178,357990.980091334,0.794151490496867
"285",0.356929346707798,0.165989239990672,0.941794845037125,0.929332682910034,2.66838017251163,322674.381854806,0.834647082628589
"286",0.371499689100964,0.166086795783808,0.94405073753019,0.929401257542272,2.77608541345481,325595.88343741,0.798034423595332
"287",0.348409615955996,0.163142681831637,0.943269436239664,0.935758171462526,2.80083193798743,345909.941164976,0.79984521082697
"288",0.359910663484374,0.177930463997889,0.943906420264563,0.922596579133054,2.80759970535883,322405.788003294,0.78215219429151
"289",0.377096243674234,0.174162598353291,0.94348748790913,0.927311883842423,2.74539270070518,313518.483172764,0.788206944228285
"290",0.360383563505876,0.152958798634476,0.943144704447292,0.930784539390278,2.82033910935899,358273.047624923,0.78558081789429
"291",0.329103489637073,0.156465127680745,0.945215814847758,0.930791766647711,2.7069406149064,357200.009387755,0.821785279476385
"292",0.349848535944597,0.155084899096792,0.944759721972985,0.92332690681435,2.84709026714285,361562.084133472,0.777998200986111
"293",0.362999346106256,0.170549958229013,0.94434480945839,0.931048638771491,2.80560824366857,321952.292487272,0.792726220579668
"294",0.357349887887971,0.169696439183928,0.943730646493351,0.931404132733736,2.73061993933399,321227.25331772,0.814685076902433
"295",0.360136493163671,0.168367740579316,0.943317679070885,0.928494783165923,2.82983548300649,332275.869569184,0.791520164464636
"296",0.323351709144316,0.178140597228697,0.943846011204262,0.922607036456047,2.79073540381606,324760.830417099,0.797601793182753
"297",0.34547423380224,0.161895821427988,0.944733013365532,0.929680062922729,2.82340071686082,343963.316628164,0.788612892182167
"298",0.353845993255372,0.169686737047892,0.944236230182833,0.928714640227239,2.77138058622555,333304.332556026,0.788100952737402
"299",0.35201120183623,0.172510476233217,0.94387295624198,0.930271965249659,2.81345863701535,333353.107995766,0.79000278743164
"300",0.332722538431684,0.149155126078471,0.945335495281216,0.928692946119037,2.91364929026503,379147.536677711,0.782568288512968
"301",0.341155644957213,0.154290941442772,0.945870548431549,0.92758607930218,2.94669141324826,374019.144233973,0.76428117178827
"302",0.347661485937771,0.169549831877179,0.943730965108116,0.923830364385001,2.79359343898572,338473.118515102,0.782071076038684
"303",0.354662986627365,0.175968858103716,0.942265570647723,0.921400120897377,2.76474694403197,337562.240400745,0.782039552252609
"304",0.352315601562841,0.184570593778092,0.943399153587103,0.926307766572258,2.85301783137666,317342.01059049,0.760643681634831
"305",0.35343330337909,0.159764227152635,0.943214529399189,0.928912301971196,2.82974631917634,355544.268584889,0.784949406314505
"306",0.361760409338821,0.154418553004588,0.943515562969304,0.925185441095691,2.76927957411766,366091.276252688,0.790647853341437
"307",0.363012490917759,0.146929388652441,0.943520809296906,0.927023849275609,2.80982994853355,388251.305387485,0.786761009045765
"308",0.341479048979872,0.174961311119954,0.941515136157672,0.924738451236758,2.74364522266354,320678.377476989,0.797067104043483
"309",0.340081230854929,0.154904869287033,0.942420218848798,0.928759653222716,2.67415056817103,350128.597648548,0.814335587163467
"310",0.375110671714234,0.142573386687594,0.947160088165735,0.92401114845849,2.84481756896831,380319.152059076,0.789504195296856
"311",0.369140306393928,0.151073112580215,0.944896408997214,0.932467246436279,2.85824053414195,374103.934032955,0.777495454351187
"312",0.349848535944597,0.155084899096792,0.944759721972985,0.92332690681435,2.84709026714285,361562.084133472,0.777998200986111
"313",0.354339404255218,0.16270251558367,0.942053062048124,0.926834416239478,2.74110872757837,339634.518474611,0.79088723988158
"314",0.363468063947515,0.162552371417911,0.942924725250939,0.928268520398193,2.80874511330594,348759.212877283,0.799418697001365
"315",0.355728221575641,0.164982856947591,0.942594230990652,0.925754268753045,2.72814643211047,340048.765875479,0.80376045179497
"316",0.353131386624552,0.15731644279833,0.944482710409099,0.936388819134701,2.88114214074331,359131.089330807,0.778000591998288
"317",0.329390083469206,0.170819114306426,0.939562980458934,0.920328529237683,2.6659429189053,343173.019070404,0.803011958850195
"318",0.332571320842093,0.158602705920376,0.944607029284738,0.930694913578901,2.77727370926775,347027.953355671,0.817142835480229
"319",0.321838786030413,0.172442004845785,0.942012127878461,0.927792433999928,2.7896806077713,329060.747027102,0.794523970448714
"320",0.376747983164386,0.175546184507602,0.946153143697131,0.931068749841096,2.88138806604701,329304.138326762,0.766007955962545
"321",0.358146006295738,0.162550356772462,0.943060506432007,0.924520394876022,2.69680552884525,342839.783959839,0.803398477856875
"322",0.369981129607616,0.179298724432076,0.942445317091494,0.927324338024332,2.77462523753465,309502.490038118,0.789699905152877
"323",0.364521640435936,0.150292597523951,0.941691261640695,0.931080375093748,2.58851074349923,360847.833118742,0.832490768429649
"324",0.34086805800938,0.160134802971095,0.943619085152107,0.929320233059743,2.79105238058374,338893.081901618,0.809479259753629
"325",0.349243753586362,0.158187678315018,0.944345018723133,0.927716620552243,2.7720053159939,349166.239131101,0.805654172115517
"326",0.33840424727992,0.169888985929295,0.941869940676097,0.924631586732995,2.72798163517015,331052.741413122,0.797371139477282
"327",0.356033874922769,0.148064006354786,0.944528285594107,0.934294374070473,2.89475215746411,382949.243494214,0.778408819236997
"328",0.348405136608523,0.147359219138548,0.944151080387272,0.926509408332465,2.81476364752857,373645.170140523,0.808661411126234
"329",0.348587528365952,0.163808046192859,0.944436562936379,0.932962859600449,2.75580997865497,327897.765582774,0.797284888986402
"330",0.348457389771552,0.158037607133819,0.941539786409723,0.929160037082845,2.78692178379712,356277.493008376,0.786401067983939
"331",0.339160046262138,0.155958707455857,0.943826922513894,0.93113487683571,2.72689957808365,363211.543068988,0.810657670842943
"332",0.357349887887971,0.169696439183928,0.943730646493351,0.931404132733736,2.73061993933399,321227.25331772,0.814685076902433
"333",0.36456086010115,0.156807711792208,0.9442395550283,0.928728589099882,2.82167837344728,348574.776701671,0.792181875892505
"334",0.362492198428974,0.148760456665382,0.942157044752561,0.93251830608192,2.73628242413594,370055.243921025,0.802654689462455
"335",0.364076133189266,0.157962322682942,0.944199416975099,0.925408505529217,2.78727535140812,351996.998292061,0.7829016955688
"336",0.350541952673736,0.157125909908455,0.94276949429683,0.926749305013719,2.78396584299764,360608.400323768,0.79388706666222
"337",0.350364349821474,0.161860270528002,0.942001724515146,0.923411773502914,2.7985535654252,354894.511157698,0.791765057232417
"338",0.370088536933257,0.167551378373476,0.942869097693912,0.933752987546058,2.81189275869739,327826.778874586,0.7945236848269
"339",0.346394580032559,0.170341436330688,0.942777790255273,0.927110777173194,2.80343259136008,329417.942024507,0.790791505453543
"340",0.355817726215944,0.165683723486727,0.945651838845624,0.929530572467292,2.84021871048056,334470.592578907,0.784616118675108
"341",0.346115334256192,0.159981441927973,0.94493314801475,0.930952829748014,2.77682238778887,338078.905762949,0.802367300717861
"342",0.369981129607616,0.179298724432076,0.942445317091494,0.927324338024332,2.77462523753465,309502.490038118,0.789699905152877
"343",0.357953302597559,0.169585899176669,0.9441412506089,0.927541167966983,2.76448436610147,332164.952683798,0.794315044254821
"344",0.362507449659746,0.142180173658408,0.945884396475847,0.929403901424805,2.81956282557868,389866.884258104,0.79372443713089
"345",0.362417964178161,0.15261604090098,0.945735486346002,0.929877874741673,2.83961097450056,365846.637308791,0.776146074359628
"346",0.336687847595509,0.163122005843235,0.943424994720079,0.928056906770563,2.64447497585627,330001.7624022,0.84059365371873
"347",0.356120681565345,0.161982037215965,0.942837552352456,0.929273712834905,2.74492800760533,331184.66860967,0.809356580583939
"348",0.375969355011029,0.155562234114459,0.943694549269844,0.933636969010776,2.86975656699273,358109.433491329,0.771411215492728
"349",0.327972244637466,0.168430406323842,0.943958461009779,0.927619280773065,2.6688121563629,326040.26164054,0.827511382277496
"350",0.356929346707798,0.165989239990672,0.941794845037125,0.929332682910034,2.66838017251163,322674.381854806,0.834647082628589
"351",0.341075264119013,0.165263598518496,0.943344176144198,0.930524889596806,2.73443298015873,329463.214778722,0.824352576269082
"352",0.361907529534419,0.1496224947935,0.946177765987007,0.929335866357908,2.86999993918495,378852.751938513,0.778225825035739
"353",0.341479048979872,0.174961311119954,0.941515136157672,0.924738451236758,2.74364522266354,320678.377476989,0.797067104043483
"354",0.347515490802077,0.167656086380093,0.941291176191999,0.920899340966374,2.67919918210962,333335.505292316,0.812497651651471
"355",0.376995367530643,0.144497050044467,0.943360482167839,0.926132081879916,2.77568587701227,379723.967919922,0.796997600419074
"356",0.346325300425217,0.170009532756972,0.945003879753384,0.925482776083995,2.93668272493566,340263.421592397,0.781691100057718
"357",0.357305114887224,0.171885099203113,0.943120433669035,0.924756338002038,2.82149851101696,340836.223536315,0.763383466068825
"358",0.367677002442114,0.167111753242558,0.941246080644622,0.919492921505596,2.68503311425141,340533.767886423,0.802628853716759
"359",0.38083701102911,0.167589312952758,0.94243970098279,0.923154314082783,2.72172111254945,336513.639941924,0.8072271508549
"360",0.367677002442114,0.167111753242558,0.941246080644622,0.919492921505596,2.68503311425141,340533.767886423,0.802628853716759
"361",0.335306714682218,0.149398684081725,0.942585545969568,0.929905271131878,2.87308658709281,385647.904952587,0.765244441934956
"362",0.341479048979872,0.174961311119954,0.941515136157672,0.924738451236758,2.74364522266354,320678.377476989,0.797067104043483
"363",0.362922534057778,0.148943375236603,0.942777182185777,0.924379291228023,2.83785423783245,383451.803488674,0.784777983360301
"364",0.324564901031201,0.165936944643756,0.942421319339912,0.926245241811256,2.6455610452803,334336.678688435,0.812485215150959
"365",0.369981129607616,0.179298724432076,0.942445317091494,0.927324338024332,2.77462523753465,309502.490038118,0.789699905152877
"366",0.358333778735949,0.172509599561191,0.943135421419625,0.930060571964992,2.83932974878039,326843.741000748,0.78580414176113
"367",0.364617819452606,0.1429936795754,0.944203631598941,0.929811847726653,2.75251205006767,384014.993407668,0.798511086384769
"368",0.368709640426337,0.163416720906836,0.944334697761247,0.929555863578087,2.79220774096733,338803.324265895,0.790076862193366
"369",0.373336544704888,0.153179505994718,0.943333593137872,0.932675937381759,2.84346490422647,359287.303010692,0.781214137404169
"370",0.360517916303496,0.140853113516464,0.945466363947646,0.932682797442969,2.83780234110156,383739.403366175,0.792810395488397
"371",0.345164834761583,0.162684697270137,0.943033963115423,0.926680420147271,2.83404292748694,359661.708623887,0.777246284752449
"372",0.378012176765406,0.17139850136795,0.94270411951567,0.924434463269256,2.76097849971769,321011.222398264,0.792467469916599
"373",0.344875227813388,0.152005852974233,0.94440284546228,0.933560924175214,2.8191021909314,358823.106051987,0.801214027897243
"374",0.345495465005424,0.149785174535695,0.944399400489525,0.933200566332185,2.71088462604286,364274.694047688,0.82034599814818
"375",0.375969355011029,0.155562234114459,0.943694549269844,0.933636969010776,2.86975656699273,358109.433491329,0.771411215492728
"376",0.332392853321825,0.143055218339252,0.944118353236389,0.926469860483113,2.73234918979521,381122.671787685,0.815684388611775
"377",0.353131386624552,0.15731644279833,0.944482710409099,0.936388819134701,2.88114214074331,359131.089330807,0.778000591998288
"378",0.339727967223773,0.169190481118691,0.942997572467926,0.93406773662938,2.73683326113998,332958.45402695,0.817486116681675
"379",0.367677002442114,0.167111753242558,0.941246080644622,0.919492921505596,2.68503311425141,340533.767886423,0.802628853716759
"380",0.38060715426466,0.17029250159622,0.942983166634666,0.92591849834155,2.76444610218533,332821.229102469,0.787420255546203
"381",0.346158909313907,0.14617933218751,0.943937926369574,0.927477790467888,2.74809141920029,382676.947025818,0.80407982649978
"382",0.362507449659746,0.142180173658408,0.945884396475847,0.929403901424805,2.81956282557868,389866.884258104,0.79372443713089
"383",0.384500262277988,0.139743355317168,0.944710256691808,0.934168063094274,2.88407300829789,399480.78488281,0.759482589721634
"384",0.337706440584317,0.157262974110698,0.942723774439547,0.932175609586564,2.66662326072423,350194.019934251,0.816393270009857
"385",0.363896186944708,0.154140299040459,0.943449700258592,0.928086881115669,2.72810134586452,364122.348514962,0.807672728662806
"386",0.364617819452606,0.1429936795754,0.944203631598941,0.929811847726653,2.75251205006767,384014.993407668,0.798511086384769
"387",0.367449569148195,0.173018707349304,0.945162600575332,0.926761621971744,2.8593767372989,338566.751886814,0.768855780277186
"388",0.358478348488467,0.163201069522715,0.941776204634087,0.922116120812183,2.71977153826932,344032.307142698,0.799152292394193
"389",0.369140306393928,0.151073112580215,0.944896408997214,0.932467246436279,2.85824053414195,374103.934032955,0.777495454351187
"390",0.381081150974224,0.179262998191749,0.944796186232656,0.930041578938519,2.87457090045395,313321.553194122,0.761364742618154
"391",0.371499689100964,0.166086795783808,0.94405073753019,0.929401257542272,2.77608541345481,325595.88343741,0.798034423595332
"392",0.359668800817158,0.158103779075232,0.946839063816088,0.930816713594446,2.85756052313403,345552.322048445,0.785430934408856
"393",0.355299327892423,0.146965078453598,0.946732143879648,0.932915946091633,2.92784046139458,370621.518384317,0.774631487284309
"394",0.349912329879871,0.166279921980661,0.943432837862978,0.928163672835781,2.85462237651448,333750.290059878,0.765217388446055
"395",0.350367079483892,0.144023199457811,0.944165734276882,0.930918415871752,2.77432000170809,380742.165308015,0.795068029770948
"396",0.358146006295738,0.162550356772462,0.943060506432007,0.924520394876022,2.69680552884525,342839.783959839,0.803398477856875
"397",0.359272906562777,0.153155235853792,0.945564262117882,0.931255669652591,2.9215014102683,365639.12731435,0.768681458578111
"398",0.339727967223773,0.169190481118691,0.942997572467926,0.93406773662938,2.73683326113998,332958.45402695,0.817486116681675
"399",0.32987904345651,0.160616557731396,0.941843945407277,0.934890157092645,2.64514771856432,341102.933992872,0.828492820807677
"400",0.322308218895357,0.160237709628167,0.94237136897539,0.929251067552681,2.5847077188657,350649.297686784,0.836563952863157
"401",0.356621322563176,0.145565103815328,0.943266804366886,0.929269523930673,2.75908939714761,379227.201445895,0.801752227774406
"402",0.367208397884656,0.172323362785724,0.943783374050285,0.921158094738473,2.77639427834895,328500.075663044,0.782081008292693
"403",0.351011867818383,0.161462952541583,0.94280208806468,0.928937322489528,2.72024141789601,344057.501805095,0.804777643418119
"404",0.354198997382365,0.16549162411543,0.944441269119808,0.925449787406685,2.84888603884448,336404.175630043,0.781548886817744
"405",0.332392853321825,0.143055218339252,0.944118353236389,0.926469860483113,2.73234918979521,381122.671787685,0.815684388611775
"406",0.33424101524842,0.151297396166095,0.947084811306919,0.930298063003769,2.91285345406155,373719.443887876,0.788023632888935
"407",0.366033812102917,0.168649010791907,0.943567757295631,0.929944251483883,2.87186928993163,329295.50999065,0.771938885623734
"408",0.360102895351801,0.165358940682927,0.94397868943054,0.923358219149375,2.77746725744588,339257.822940082,0.792510468127584
"409",0.340276886079392,0.16853273538645,0.941941841030544,0.923818774579048,2.69703136884391,331353.867484869,0.799994576658268
"410",0.33473067535048,0.176189334945621,0.945449465261739,0.926635979440276,2.78632467943368,319813.081936836,0.789856932001846
"411",0.358523530715984,0.143586943537898,0.945603568036526,0.932059046624402,2.83623190098026,387536.218474149,0.787216671576639
"412",0.332298671883581,0.165096670647577,0.94380855360622,0.927267727725846,2.93135686010554,355760.699112638,0.762285203885451
"413",0.359227279795633,0.169965008245682,0.944552903757754,0.925401771919316,2.8458456224088,337409.794287152,0.784184097468098
"414",0.333218555822984,0.163424728128514,0.945880799328735,0.928208258070369,2.87141763879252,347270.265446817,0.785127053959834
"415",0.366625043105948,0.141858166095492,0.942892935937424,0.930036254299312,2.77734989592573,396927.278692418,0.778765207331582
"416",0.360517916303496,0.140853113516464,0.945466363947646,0.932682797442969,2.83780234110156,383739.403366175,0.792810395488397
"417",0.342158159127421,0.168005748243624,0.943899281580717,0.928686550564584,2.78833568983444,333649.57976355,0.804620375931205
"418",0.375969355011029,0.155562234114459,0.943694549269844,0.933636969010776,2.86975656699273,358109.433491329,0.771411215492728
"419",0.345425966136504,0.145554749853274,0.943197291028505,0.9264766518334,2.77992393259546,378387.96083893,0.803635439061853
"420",0.364188778447288,0.167481572928694,0.944672116674991,0.930614237673938,2.84177012384474,333318.615962608,0.779552883824487
"421",0.367677002442114,0.167111753242558,0.941246080644622,0.919492921505596,2.68503311425141,340533.767886423,0.802628853716759
"422",0.341479048979872,0.174961311119954,0.941515136157672,0.924738451236758,2.74364522266354,320678.377476989,0.797067104043483
"423",0.366027566701708,0.146727727865944,0.943158945501521,0.931740959522853,2.83158967476953,372716.056279189,0.784553719066753
"424",0.356929346707798,0.165989239990672,0.941794845037125,0.929332682910034,2.66838017251163,322674.381854806,0.834647082628589
"425",0.366103410712366,0.159846922731688,0.945455134071789,0.929863589450517,2.89201121915676,354775.00976113,0.77531487371635
"426",0.341479048979872,0.174961311119954,0.941515136157672,0.924738451236758,2.74364522266354,320678.377476989,0.797067104043483
"427",0.356929346707798,0.165989239990672,0.941794845037125,0.929332682910034,2.66838017251163,322674.381854806,0.834647082628589
"428",0.34221550441394,0.175638243784221,0.943063545874243,0.925001232277806,2.79186667658655,327034.77621917,0.783569334035997
"429",0.361289005388583,0.15310532859781,0.942863738940825,0.926604869278731,2.82903025366216,367850.366282507,0.785681659875185
"430",0.362385161533094,0.161619761082107,0.943355112260375,0.932127863791327,2.826374344337,346890.204851932,0.787758101052049
"431",0.334024437129724,0.163586957574822,0.944565151640644,0.929544556880957,2.71338313172707,334705.631122958,0.809294081677741
"432",0.356135554546086,0.149254748698956,0.946841948913362,0.934484013671601,2.80497677412583,365844.175214049,0.79382265503711
"433",0.364076133189266,0.157962322682942,0.944199416975099,0.925408505529217,2.78727535140812,351996.998292061,0.7829016955688
"434",0.381605021111644,0.168080639881026,0.942976995230006,0.925643832543521,2.8429929165689,340353.1242243,0.784235079289693
"435",0.341479048979872,0.174961311119954,0.941515136157672,0.924738451236758,2.74364522266354,320678.377476989,0.797067104043483
"436",0.355817726215944,0.165683723486727,0.945651838845624,0.929530572467292,2.84021871048056,334470.592578907,0.784616118675108
"437",0.356433784540201,0.154754913743924,0.944502386868616,0.930537455864447,2.85227853696341,349398.786193545,0.792103681166094
"438",0.356929346707798,0.165989239990672,0.941794845037125,0.929332682910034,2.66838017251163,322674.381854806,0.834647082628589
"439",0.341479048979872,0.174961311119954,0.941515136157672,0.924738451236758,2.74364522266354,320678.377476989,0.797067104043483
"440",0.351132647797127,0.147439090300472,0.944265565111569,0.926613597935981,2.92537228458669,379091.330786243,0.771807128558696
"441",0.349848535944597,0.155084899096792,0.944759721972985,0.92332690681435,2.84709026714285,361562.084133472,0.777998200986111
"442",0.330185254329326,0.156507369145873,0.94690126899676,0.938019843638471,2.68585237080585,342256.773185831,0.848672243499236
"443",0.353216104058378,0.153663105360419,0.942570136633385,0.934155081892803,2.58161520266802,343044.630733617,0.847027930040966
"444",0.357305114887224,0.171885099203113,0.943120433669035,0.924756338002038,2.82149851101696,340836.223536315,0.763383466068825
"445",0.359365320881345,0.140145509769415,0.944636913833857,0.920415608084885,2.67531448271525,403909.407889971,0.805681394911772
"446",0.339630849445995,0.159589675182872,0.943931913163327,0.92947148177101,2.80561623272901,359726.2069906,0.790006347997966
"447",0.365419252751807,0.162250835645762,0.945033335090566,0.929664219488596,2.89267726103307,341246.014583821,0.766331365042619
"448",0.36092985008902,0.143349522954149,0.943962717963383,0.933240145699562,2.84383596064899,384428.808094241,0.799505784153853
"449",0.336292486815392,0.16235987924478,0.941476669518467,0.933428417679009,2.66915710608648,338589.162613412,0.826611670641296
"450",0.313303285144071,0.161980206993753,0.945528379473833,0.929403699116508,2.74559233936076,329121.078245355,0.817456539511982
"451",0.353731993975245,0.163242685693458,0.943932360798735,0.930885216464692,2.74551421413841,334218.120237713,0.815855979457158
"452",0.343996945787507,0.169718767352491,0.943337293078561,0.924231878355114,2.83054651001675,341793.114710011,0.780772972797312
"453",0.366103410712366,0.159846922731688,0.945455134071789,0.929863589450517,2.89201121915676,354775.00976113,0.77531487371635
"454",0.34984204790324,0.143233542841605,0.944233131274851,0.925315660544412,2.80355409713178,387539.293919856,0.791660504646915
"455",0.381605021111644,0.168080639881026,0.942976995230006,0.925643832543521,2.8429929165689,340353.1242243,0.784235079289693
"456",0.358169723905889,0.152952931993687,0.943081455819107,0.930756145780289,2.83261702744018,351540.937368795,0.789826417056609
"457",0.353731993975245,0.163242685693458,0.943932360798735,0.930885216464692,2.74551421413841,334218.120237713,0.815855979457158
"458",0.352498484558406,0.173135582227734,0.942453023703118,0.924455565695064,2.78118691687471,334662.060633888,0.775328430656604
"459",0.357505978340432,0.143557002831824,0.944673518108995,0.927070342457745,2.846751774605,392559.783104463,0.76944506965787
"460",0.348015748969393,0.148131830455838,0.945905493047524,0.931992413893477,2.80036397977047,370301.838716438,0.818487220679269
"461",0.332281716269953,0.163383111220578,0.941543679156028,0.92879208236231,2.67224249709501,347977.166964242,0.818650801149652
"462",0.348600744237491,0.161958098747104,0.941378105341365,0.93063576741347,2.59541162126531,342465.191394931,0.831081973207887
"463",0.340310927928347,0.144501821247583,0.943974233286226,0.929331584185282,2.77453956454863,378680.688468803,0.809518130488953
"464",0.382538814527691,0.175139256632247,0.945273225135935,0.928886161704854,2.91828171955494,329887.889750974,0.761387131871754
"465",0.352847170045383,0.14071792854808,0.944284090355272,0.931537113922408,2.7283448208963,379437.307745646,0.808676161131044
"466",0.356929346707798,0.165989239990672,0.941794845037125,0.929332682910034,2.66838017251163,322674.381854806,0.834647082628589
"467",0.357349887887971,0.169696439183928,0.943730646493351,0.931404132733736,2.73061993933399,321227.25331772,0.814685076902433
"468",0.382538814527691,0.175139256632247,0.945273225135935,0.928886161704854,2.91828171955494,329887.889750974,0.761387131871754
"469",0.356929346707798,0.165989239990672,0.941794845037125,0.929332682910034,2.66838017251163,322674.381854806,0.834647082628589
"470",0.38083701102911,0.167589312952758,0.94243970098279,0.923154314082783,2.72172111254945,336513.639941924,0.8072271508549
"471",0.368115710130326,0.15542985198668,0.944866316280685,0.928436031956806,2.8345656496978,359088.818929932,0.781941860329615
"472",0.364521640435936,0.150292597523951,0.941691261640695,0.931080375093748,2.58851074349923,360847.833118742,0.832490768429649
"473",0.35518335996456,0.171302945788252,0.943284724248753,0.923907670610615,2.89096666353448,334865.351367295,0.770959495722901
"474",0.362494118180983,0.152844679531682,0.945135766564311,0.927146102285187,2.78293819493772,362157.805495049,0.793604580479211
"475",0.341404431196535,0.161091704213723,0.943177367869148,0.931494250269951,2.68022479272638,350902.801813863,0.813379826263657
"476",0.341479048979872,0.174961311119954,0.941515136157672,0.924738451236758,2.74364522266354,320678.377476989,0.797067104043483
"477",0.348831829647584,0.178423412985581,0.943493682387678,0.925268429788938,2.87059685181949,324247.729086357,0.770782149190001
"478",0.367677002442114,0.167111753242558,0.941246080644622,0.919492921505596,2.68503311425141,340533.767886423,0.802628853716759
"479",0.359739014053375,0.154960165071756,0.945081508669791,0.933277339121307,2.80177725287737,356571.847694437,0.792123253860753
"480",0.343940945848402,0.165510497234041,0.942619319158775,0.932779566339967,2.70320797259053,330047.479818526,0.818194774344703
"481",0.35619334222095,0.159124287847881,0.944171112250256,0.928624654939287,2.87075634869547,363100.130246192,0.776207903576438
"482",0.34984204790324,0.143233542841605,0.944233131274851,0.925315660544412,2.80355409713178,387539.293919856,0.791660504646915
"483",0.346446570744791,0.161835522276321,0.942836457120063,0.930537978798169,2.79366539399785,343338.611068843,0.796113340155224
"484",0.334985131901291,0.158401017114371,0.942228887516222,0.933306146643974,2.66519838880627,339788.033902341,0.824504934219716
"485",0.361634001814773,0.173703889281934,0.943925650529056,0.92380467476457,2.72040822142976,334115.37245155,0.799487488717229
"486",0.363457991886558,0.153103524192514,0.944698320600032,0.926986094774654,2.82163691180696,359093.88256724,0.787146282853991
"487",0.334602169848188,0.148617242548738,0.944379801772701,0.933850384352921,2.66221829720111,362260.044110182,0.829877494687851
"488",0.371499689100964,0.166086795783808,0.94405073753019,0.929401257542272,2.77608541345481,325595.88343741,0.798034423595332
"489",0.364521640435936,0.150292597523951,0.941691261640695,0.931080375093748,2.58851074349923,360847.833118742,0.832490768429649
"490",0.334875280803721,0.161383469539762,0.943229615640784,0.927421635139682,2.76432196194333,347230.723253269,0.807608174295263
"491",0.36039158374379,0.172634851707861,0.943206665995863,0.931191565361744,2.79300998362113,317309.64312121,0.791620880549692
"492",0.323351709144316,0.178140597228697,0.943846011204262,0.922607036456047,2.79073540381606,324760.830417099,0.797601793182753
"493",0.343223317271344,0.153444167830473,0.947005098835416,0.934348602133155,2.84066880076098,351756.172299809,0.796678262008465
"494",0.356929346707798,0.165989239990672,0.941794845037125,0.929332682910034,2.66838017251163,322674.381854806,0.834647082628589
"495",0.358234602289011,0.163452915276871,0.944573501013056,0.93085634929109,2.80547310150887,344309.430862252,0.783696219340399
"496",0.336566865554191,0.162634866782643,0.944488578187068,0.928305304753863,2.7625123017455,341282.645217924,0.808130369621749
"497",0.348457389771552,0.158037607133819,0.941539786409723,0.929160037082845,2.78692178379712,356277.493008376,0.786401067983939
"498",0.323351709144316,0.178140597228697,0.943846011204262,0.922607036456047,2.79073540381606,324760.830417099,0.797601793182753
"499",0.365262132273176,0.147314789705757,0.945166420019978,0.931636875422519,2.80012725027529,370667.837818173,0.793293360401936
"500",0.340081230854929,0.154904869287033,0.942420218848798,0.928759653222716,2.67415056817103,350128.597648548,0.814335587163467
